species,filename
Agaricus arvensis,0-3815472308.JPG
Agaricus arvensis,0-3909138603.JPG
Agaricus arvensis,0-3916269701.JPG
Agaricus arvensis,1-3916269701.JPG
Agaricus arvensis,2-3916269701.JPG
Agaricus arvensis,0-3944342725.JPG
Agaricus arvensis,0-3916267571.JPG
Agaricus arvensis,1-3916267571.JPG
Agaricus arvensis,2-3916267571.JPG
Agaricus arvensis,0-3922624806.JPG
Agaricus arvensis,1-3922624806.JPG
Agaricus arvensis,2-3922624806.JPG
Agaricus arvensis,0-3968580524.JPG
Agaricus arvensis,1-3968580524.JPG
Agaricus arvensis,0-3909138433.JPG
Agaricus arvensis,1-3909138433.JPG
Agaricus arvensis,2-3909138433.JPG
Agaricus arvensis,0-3909143421.JPG
Agaricus arvensis,1-3909143421.JPG
Agaricus arvensis,0-3913254509.JPG
Agaricus arvensis,1-3913254509.JPG
Agaricus arvensis,3-3913254509.JPG
Agaricus arvensis,0-4100091463.JPG
Agaricus arvensis,1-4100091463.JPG
Agaricus arvensis,2-4100091463.JPG
Agaricus arvensis,3-4100091463.JPG
Agaricus arvensis,0-3944343578.JPG
Agaricus arvensis,1-3944343578.JPG
Agaricus arvensis,3-3944343578.JPG
Agaricus arvensis,4-3944343578.JPG
Agaricus arvensis,0-3944341894.JPG
Agaricus arvensis,0-3964842584.JPG
Agaricus arvensis,0-3795095304.JPG
Agaricus arvensis,1-3795095304.JPG
Agaricus arvensis,2-3795095304.JPG
Agaricus arvensis,3-3795095304.JPG
Agaricus arvensis,0-3863490320.JPG
Agaricus arvensis,1-3863490320.JPG
Agaricus arvensis,2-3863490320.JPG
Agaricus arvensis,0-3899714357.JPG
Agaricus arvensis,1-3899714357.JPG
Agaricus arvensis,0-3913250719.JPG
Agaricus arvensis,1-3913250719.JPG
Agaricus arvensis,2-3913250719.JPG
Agaricus arvensis,3-3913250719.JPG
Agaricus arvensis,0-3913251736.JPG
Agaricus arvensis,0-3922621824.JPG
Agaricus arvensis,1-3944340347.JPG
Agaricus arvensis,3-3944340347.JPG
Agaricus arvensis,1-3964844581.JPG
Agaricus arvensis,2-3964844581.JPG
Agaricus arvensis,0-3803331319.JPG
Agaricus arvensis,0-3819302309.JPG
Agaricus arvensis,1-3819302309.JPG
Agaricus arvensis,2-3819302309.JPG
Agaricus arvensis,0-3913248406.JPG
Agaricus arvensis,1-3913248406.JPG
Agaricus arvensis,0-4100089473.JPG
Agaricus arvensis,0-3944342418.JPG
Agaricus arvensis,0-3968580387.JPG
Agaricus arvensis,1-3968580387.JPG
Agaricus arvensis,2-3968580387.JPG
Agaricus arvensis,3-3968580387.JPG
Agaricus arvensis,4-3968580387.JPG
Agaricus arvensis,0-3806901316.JPG
Agaricus arvensis,0-3909139350.JPG
Agaricus arvensis,0-3909141539.JPG
Agaricus arvensis,0-3916265340.JPG
Agaricus arvensis,0-3964846477.JPG
Agaricus arvensis,1-3964846477.JPG
Agaricus arvensis,0-3909141361.JPG
Agaricus arvensis,1-3909141361.JPG
Agaricus arvensis,2-3909141361.JPG
Agaricus arvensis,3-3909141361.JPG
Agaricus arvensis,0-3913251486.JPG
Agaricus arvensis,1-3913251486.JPG
Agaricus arvensis,2-3913251486.JPG
Agaricus arvensis,3-3913251486.JPG
Agaricus arvensis,0-3916264400.JPG
Agaricus arvensis,1-3916264400.JPG
Agaricus arvensis,2-3916264400.JPG
Agaricus arvensis,0-3944337747.JPG
Agaricus arvensis,0-3964846601.JPG
Agaricus arvensis,1-3964846601.JPG
Agaricus arvensis,2-3964846601.JPG
Agaricus arvensis,3-3964846601.JPG
Agaricus arvensis,0-3909139621.JPG
Agaricus arvensis,0-3964846359.JPG
Agaricus arvensis,0-3962113319.JPG
Agaricus arvensis,1-3962113319.JPG
Agaricus arvensis,2-3962113319.JPG
Agaricus arvensis,3-3962113319.JPG
Agaricus arvensis,0-3948715564.JPG
Agaricus arvensis,1-3948715564.JPG
Agaricus arvensis,2-3948715564.JPG
Agaricus arvensis,0-3962118525.JPG
Agaricus arvensis,1-3962118525.JPG
Agaricus arvensis,2-3962118525.JPG
Agaricus arvensis,3-3962118525.JPG
Agaricus arvensis,4-3962118525.JPG
Agaricus arvensis,5-3962118525.JPG
Agaricus arvensis,0-3916263544.JPG
Agaricus arvensis,1-3916263544.JPG
Agaricus arvensis,0-3962115404.JPG
Agaricus arvensis,1-3962115404.JPG
Agaricus arvensis,2-3962115404.JPG
Agaricus arvensis,3-3962115404.JPG
Agaricus arvensis,0-3964846475.JPG
Agaricus arvensis,0-3964841607.JPG
Agaricus arvensis,0-3819300320.JPG
Agaricus arvensis,1-3819300320.JPG
Agaricus arvensis,0-3828295333.JPG
Agaricus arvensis,1-3828295333.JPG
Agaricus arvensis,0-3891494309.JPG
Agaricus arvensis,1-3891494309.JPG
Agaricus arvensis,2-3891494309.JPG
Agaricus arvensis,0-3899709429.JPG
Agaricus arvensis,0-3916269303.JPG
Agaricus arvensis,1-3916269303.JPG
Agaricus arvensis,2-3916269303.JPG
Agaricus arvensis,0-3916266495.JPG
Agaricus arvensis,0-3916262764.JPG
Agaricus arvensis,0-3948713520.JPG
Agaricus arvensis,1-3948713520.JPG
Agaricus arvensis,2-3948713520.JPG
Agaricus arvensis,4-3948713520.JPG
Agaricus arvensis,5-3948713520.JPG
Cyanosporus caesius,0-3909143361.JPG
Cyanosporus caesius,2-3909143361.JPG
Cyanosporus caesius,0-3922627940.JPG
Cyanosporus caesius,1-3922627940.JPG
Cyanosporus caesius,0-3948716791.JPG
Cyanosporus caesius,0-4100096010.JPG
Cyanosporus caesius,1-4100096010.JPG
Cyanosporus caesius,0-3922624411.JPG
Cyanosporus caesius,0-3925717504.JPG
Cyanosporus caesius,0-3944342613.JPG
Cyanosporus caesius,1-3944342613.JPG
Cyanosporus caesius,0-4100095588.JPG
Cyanosporus caesius,0-3948713781.JPG
Cyanosporus caesius,0-3948716789.JPG
Cyanosporus caesius,1-3948716789.JPG
Cyanosporus caesius,2-3948716789.JPG
Cyanosporus caesius,0-3962116707.JPG
Cyanosporus caesius,1-3962116707.JPG
Cyanosporus caesius,2-3962116707.JPG
Cyanosporus caesius,0-3964842559.JPG
Cyanosporus caesius,0-3424498370.JPG
Cyanosporus caesius,1-3424498370.JPG
Cyanosporus caesius,0-3424498390.JPG
Cyanosporus caesius,1-3424498390.JPG
Cyanosporus caesius,2-3424498390.JPG
Cyanosporus caesius,0-3441349310.JPG
Cyanosporus caesius,1-3441349310.JPG
Cyanosporus caesius,0-3441349336.JPG
Cyanosporus caesius,1-3441349336.JPG
Cyanosporus caesius,0-3916262468.JPG
Cyanosporus caesius,0-3916262625.JPG
Cyanosporus caesius,1-3916262625.JPG
Cyanosporus caesius,0-4100095529.JPG
Cyanosporus caesius,1-4100095529.JPG
Cyanosporus caesius,0-3970592392.JPG
Cyanosporus caesius,1-3970592392.JPG
Cyanosporus caesius,0-3970587396.JPG
Cyanosporus caesius,1-3970587396.JPG
Cyanosporus caesius,1-3948716597.JPG
Cyanosporus caesius,0-3964843439.JPG
Cyanosporus caesius,0-3925713301.JPG
Cyanosporus caesius,0-3916268498.JPG
Cyanosporus caesius,0-3922622826.JPG
Cyanosporus caesius,1-3922622826.JPG
Cyanosporus caesius,0-3925713594.JPG
Cyanosporus caesius,2-3925713594.JPG
Cyanosporus caesius,0-3925718781.JPG
Cyanosporus caesius,0-3944340821.JPG
Cyanosporus caesius,1-3944340821.JPG
Cyanosporus caesius,0-3962113396.JPG
Cyanosporus caesius,1-3962113396.JPG
Cyanosporus caesius,0-3968584484.JPG
Cyanosporus caesius,0-3922623513.JPG
Cyanosporus caesius,1-3922623513.JPG
Cyanosporus caesius,0-3944344602.JPG
Cyanosporus caesius,1-3944344602.JPG
Cyanosporus caesius,0-3948713602.JPG
Cyanosporus caesius,1-3948713602.JPG
Cyanosporus caesius,0-3964843489.JPG
Cyanosporus caesius,0-3968580462.JPG
Cyanosporus caesius,1-3968580462.JPG
Cyanosporus caesius,0-3424509366.JPG
Cyanosporus caesius,1-3424509366.JPG
Cyanosporus caesius,2-3424509366.JPG
Cyanosporus caesius,3-3424509366.JPG
Cyanosporus caesius,0-3460222346.JPG
Cyanosporus caesius,2-3460222346.JPG
Cyanosporus caesius,3-3460222346.JPG
Cyanosporus caesius,0-3909139550.JPG
Cyanosporus caesius,1-3909139550.JPG
Cyanosporus caesius,0-3916263382.JPG
Cyanosporus caesius,1-3916263382.JPG
Cyanosporus caesius,2-3916263382.JPG
Cyanosporus caesius,0-3922622389.JPG
Cyanosporus caesius,1-3922622389.JPG
Cyanosporus caesius,0-3922622410.JPG
Cyanosporus caesius,0-3925718698.JPG
Cyanosporus caesius,1-3925718698.JPG
Cyanosporus caesius,0-3925718825.JPG
Cyanosporus caesius,0-3944339656.JPG
Cyanosporus caesius,0-3944340698.JPG
Cyanosporus caesius,1-3944340698.JPG
Cyanosporus caesius,0-3944337889.JPG
Cyanosporus caesius,1-3944337889.JPG
Cyanosporus caesius,2-3944337889.JPG
Cyanosporus caesius,0-3948712648.JPG
Cyanosporus caesius,1-3948712648.JPG
Cyanosporus caesius,0-3964846445.JPG
Cyanosporus caesius,1-3964846445.JPG
Cyanosporus caesius,0-4100088988.JPG
Cyanosporus caesius,0-3429073373.JPG
Cyanosporus caesius,0-3463103334.JPG
Cyanosporus caesius,1-3463103334.JPG
Cyanosporus caesius,0-3925714757.JPG
Cyanosporus caesius,1-3925714757.JPG
Cyanosporus caesius,2-3925714757.JPG
Cyanosporus caesius,0-3944337623.JPG
Cyanosporus caesius,1-3944337623.JPG
Cyanosporus caesius,0-3944338857.JPG
Cyanosporus caesius,1-3944338857.JPG
Cyanosporus caesius,0-3948711400.JPG
Cyanosporus caesius,0-3948712490.JPG
Cyanosporus caesius,1-3948712490.JPG
Cyanosporus caesius,2-3948712490.JPG
Cyanosporus caesius,0-3962118554.JPG
Cyanosporus caesius,1-3962118554.JPG
Cyanosporus caesius,0-4100094784.JPG
Cyanosporus caesius,1-3441340339.JPG
Cyanosporus caesius,0-3909141615.JPG
Cyanosporus caesius,0-3913250536.JPG
Cyanosporus caesius,1-3913250536.JPG
Cyanosporus caesius,2-3913250536.JPG
Cyanosporus caesius,0-3916263447.JPG
Cyanosporus caesius,1-3916263447.JPG
Cyanosporus caesius,2-3916263447.JPG
Cyanosporus caesius,0-3922622874.JPG
Cyanosporus caesius,0-3925712811.JPG
Cyanosporus caesius,1-3925712811.JPG
Cyanosporus caesius,0-3944340676.JPG
Cyanosporus caesius,1-3944340676.JPG
Cyanosporus caesius,0-3944340787.JPG
Cyanosporus caesius,0-3944338864.JPG
Cyanosporus caesius,1-3944338864.JPG
Cyanosporus caesius,2-3944338864.JPG
Cyanosporus caesius,0-3944337967.JPG
Cyanosporus caesius,0-3962113513.JPG
Cyanosporus caesius,1-3962113513.JPG
Cyanosporus caesius,0-3962118628.JPG
Cyanosporus caesius,1-3962118628.JPG
Cyanosporus caesius,2-3962118628.JPG
Cyanosporus caesius,0-3964841540.JPG
Cyanosporus caesius,1-3964841540.JPG
Cyanosporus caesius,0-3964847679.JPG
Cyanosporus caesius,1-4100092945.JPG
Cyanosporus caesius,0-3916263393.JPG
Cyanosporus caesius,1-3916263393.JPG
Cyanosporus caesius,0-3925712356.JPG
Cyanosporus caesius,1-3925712356.JPG
Cyanosporus caesius,0-3944338807.JPG
Cyanosporus caesius,1-3944339920.JPG
Cyanosporus caesius,0-3962117653.JPG
Cyanosporus caesius,1-3962117653.JPG
Cyanosporus caesius,1-3962115713.JPG
Cyanosporus caesius,2-3962115713.JPG
Cyanosporus caesius,3-3962115713.JPG
Cyanosporus caesius,0-3964841562.JPG
Cyanosporus caesius,1-3964841562.JPG
Cyanosporus caesius,0-3970594434.JPG
Cyanosporus caesius,1-3970594434.JPG
Cyanosporus caesius,2-3970594434.JPG
Cyanosporus caesius,0-3916267513.JPG
Cyanosporus caesius,0-3922624612.JPG
Cyanosporus caesius,0-3922627591.JPG
Cyanosporus caesius,2-3922627591.JPG
Cyanosporus caesius,0-3925716365.JPG
Cyanosporus caesius,1-3925716365.JPG
Cyanosporus caesius,0-3944342683.JPG
Cyanosporus caesius,0-3948716590.JPG
Cyanosporus caesius,1-3948716590.JPG
Cyanosporus caesius,0-3948710672.JPG
Cyanosporus caesius,1-3948710672.JPG
Cyanosporus caesius,0-3948714727.JPG
Cyanosporus caesius,1-3948714727.JPG
Cyanosporus caesius,0-3962111643.JPG
Cyanosporus caesius,1-3962111643.JPG
Cyanosporus caesius,1-4100089980.JPG
